{"stats":{"minecraft:used":{"minecraft:netherite_sword":1,"minecraft:pink_petals":2,"minecraft:grass_block":99},"minecraft:custom":{"minecraft:jump":137,"minecraft:time_since_rest":20788,"minecraft:leave_game":1,"minecraft:damage_dealt":405,"minecraft:crouch_one_cm":238,"minecraft:sprint_one_cm":16022,"minecraft:play_time":20788,"minecraft:damage_taken":20,"minecraft:time_since_death":20788,"minecraft:walk_one_cm":19273,"minecraft:sneak_time":1460,"minecraft:total_world_time":20788,"minecraft:mob_kills":4,"minecraft:drop":1,"minecraft:fall_one_cm":671,"minecraft:fly_one_cm":661299},"minecraft:picked_up":{"minecraft:porkchop":3,"minecraft:wheat_seeds":1},"minecraft:dropped":{"minecraft:porkchop":3},"minecraft:killed":{"minecraft:pig":1,"minecraft:cow":3}},"DataVersion":3465}