{"stats":{"minecraft:custom":{"minecraft:jump":139,"minecraft:time_since_rest":20953,"minecraft:damage_dealt":405,"minecraft:crouch_one_cm":238,"minecraft:leave_game":2,"minecraft:play_time":20953,"minecraft:sprint_one_cm":16056,"minecraft:damage_taken":20,"minecraft:time_since_death":20953,"minecraft:walk_one_cm":19336,"minecraft:sneak_time":1468,"minecraft:total_world_time":20953,"minecraft:mob_kills":4,"minecraft:fall_one_cm":671,"minecraft:drop":1,"minecraft:fly_one_cm":667150},"minecraft:used":{"minecraft:netherite_sword":1,"minecraft:pink_petals":2,"minecraft:grass_block":99},"minecraft:killed":{"minecraft:pig":1,"minecraft:cow":3},"minecraft:dropped":{"minecraft:porkchop":3},"minecraft:picked_up":{"minecraft:porkchop":3,"minecraft:wheat_seeds":1}},"DataVersion":3465}