{
  "minecraft:recipes/decorations/crafting_table": {
    "criteria": {
      "unlock_right_away": "2024-05-23 01:14:57 +0000"
    },
    "done": true
  },
  "minecraft:adventure/adventuring_time": {
    "criteria": {
      "minecraft:cherry_grove": "2024-05-23 01:21:52 +0000",
      "minecraft:sunflower_plains": "2024-05-23 01:21:49 +0000",
      "minecraft:birch_forest": "2024-05-23 01:19:36 +0000",
      "minecraft:bamboo_jungle": "2024-05-23 01:18:47 +0000",
      "minecraft:badlands": "2024-05-23 01:14:59 +0000",
      "minecraft:savanna_plateau": "2024-05-23 01:17:57 +0000",
      "minecraft:stony_peaks": "2024-05-23 01:18:36 +0000",
      "minecraft:sparse_jungle": "2024-05-23 01:19:02 +0000",
      "minecraft:river": "2024-05-23 01:16:10 +0000",
      "minecraft:dripstone_caves": "2024-05-23 01:18:50 +0000",
      "minecraft:grove": "2024-05-23 01:19:37 +0000",
      "minecraft:forest": "2024-05-23 01:17:59 +0000",
      "minecraft:jungle": "2024-05-23 01:18:42 +0000",
      "minecraft:flower_forest": "2024-05-23 01:21:47 +0000",
      "minecraft:frozen_peaks": "2024-05-23 01:19:39 +0000",
      "minecraft:old_growth_birch_forest": "2024-05-23 01:20:01 +0000",
      "minecraft:meadow": "2024-05-23 01:20:04 +0000",
      "minecraft:savanna": "2024-05-23 01:16:07 +0000",
      "minecraft:plains": "2024-05-23 01:19:20 +0000"
    },
    "done": false
  },
  "minecraft:recipes/food/cooked_porkchop": {
    "criteria": {
      "has_porkchop": "2024-05-23 01:17:10 +0000"
    },
    "done": true
  },
  "minecraft:adventure/root": {
    "criteria": {
      "killed_something": "2024-05-23 01:17:10 +0000"
    },
    "done": true
  },
  "minecraft:recipes/food/cooked_porkchop_from_campfire_cooking": {
    "criteria": {
      "has_porkchop": "2024-05-23 01:17:10 +0000"
    },
    "done": true
  },
  "minecraft:recipes/food/cooked_porkchop_from_smoking": {
    "criteria": {
      "has_porkchop": "2024-05-23 01:17:10 +0000"
    },
    "done": true
  },
  "minecraft:recipes/misc/pink_dye_from_pink_petals": {
    "criteria": {
      "has_pink_petals": "2024-05-23 01:23:25 +0000"
    },
    "done": true
  },
  "DataVersion": 3465
}